{"frames": {

"a_00060.jpg":
{
	"frame": {"x":1,"y":1,"w":750,"h":750},
	"rotated": false,
	"trimmed": false,
	"spriteSourceSize": {"x":0,"y":0,"w":750,"h":750},
	"sourceSize": {"w":750,"h":750}
},
"a_00061.jpg":
{
	"frame": {"x":1,"y":753,"w":750,"h":750},
	"rotated": false,
	"trimmed": false,
	"spriteSourceSize": {"x":0,"y":0,"w":750,"h":750},
	"sourceSize": {"w":750,"h":750}
},
"a_00062.jpg":
{
	"frame": {"x":753,"y":1,"w":750,"h":750},
	"rotated": false,
	"trimmed": false,
	"spriteSourceSize": {"x":0,"y":0,"w":750,"h":750},
	"sourceSize": {"w":750,"h":750}
},
"a_00063.jpg":
{
	"frame": {"x":753,"y":753,"w":750,"h":750},
	"rotated": false,
	"trimmed": false,
	"spriteSourceSize": {"x":0,"y":0,"w":750,"h":750},
	"sourceSize": {"w":750,"h":750}
}},
"animations": {
	"a": ["a_00060.jpg","a_00061.jpg","a_00062.jpg","a_00063.jpg"]
},
"meta": {
	"app": "https://www.codeandweb.com/texturepacker",
	"version": "1.0",
	"image": "15.jpg",
	"format": "RGB888",
	"size": {"w":1504,"h":1504},
	"scale": "1",
	"smartupdate": "$TexturePacker:SmartUpdate:19baf629c7ce2049102044a34b9e6f92:2c092186c05481e014bc721e09b2f8e2:e7e644ca1dcedf533238dead98f244df$"
}
}
