{"frames": {

"a_00148.jpg":
{
	"frame": {"x":1,"y":1,"w":750,"h":750},
	"rotated": false,
	"trimmed": false,
	"spriteSourceSize": {"x":0,"y":0,"w":750,"h":750},
	"sourceSize": {"w":750,"h":750}
},
"a_00149.jpg":
{
	"frame": {"x":1,"y":753,"w":750,"h":750},
	"rotated": false,
	"trimmed": false,
	"spriteSourceSize": {"x":0,"y":0,"w":750,"h":750},
	"sourceSize": {"w":750,"h":750}
},
"a_00150.jpg":
{
	"frame": {"x":753,"y":1,"w":750,"h":750},
	"rotated": false,
	"trimmed": false,
	"spriteSourceSize": {"x":0,"y":0,"w":750,"h":750},
	"sourceSize": {"w":750,"h":750}
},
"a_00151.jpg":
{
	"frame": {"x":753,"y":753,"w":750,"h":750},
	"rotated": false,
	"trimmed": false,
	"spriteSourceSize": {"x":0,"y":0,"w":750,"h":750},
	"sourceSize": {"w":750,"h":750}
}},
"animations": {
	"a": ["a_00148.jpg","a_00149.jpg","a_00150.jpg","a_00151.jpg"]
},
"meta": {
	"app": "https://www.codeandweb.com/texturepacker",
	"version": "1.0",
	"image": "37.jpg",
	"format": "RGB888",
	"size": {"w":1504,"h":1504},
	"scale": "1",
	"smartupdate": "$TexturePacker:SmartUpdate:67432898a4b76ef8063479935711d99c:bb8a9ce2c2701705dace7af9187b5469:6afb3734bc7f70209461c86fb071fd76$"
}
}
