{"frames": {

"a_00188.jpg":
{
	"frame": {"x":1,"y":1,"w":750,"h":750},
	"rotated": false,
	"trimmed": false,
	"spriteSourceSize": {"x":0,"y":0,"w":750,"h":750},
	"sourceSize": {"w":750,"h":750}
},
"a_00189.jpg":
{
	"frame": {"x":1,"y":753,"w":750,"h":750},
	"rotated": false,
	"trimmed": false,
	"spriteSourceSize": {"x":0,"y":0,"w":750,"h":750},
	"sourceSize": {"w":750,"h":750}
},
"a_00190.jpg":
{
	"frame": {"x":753,"y":1,"w":750,"h":750},
	"rotated": false,
	"trimmed": false,
	"spriteSourceSize": {"x":0,"y":0,"w":750,"h":750},
	"sourceSize": {"w":750,"h":750}
},
"a_00191.jpg":
{
	"frame": {"x":753,"y":753,"w":750,"h":750},
	"rotated": false,
	"trimmed": false,
	"spriteSourceSize": {"x":0,"y":0,"w":750,"h":750},
	"sourceSize": {"w":750,"h":750}
}},
"animations": {
	"a": ["a_00188.jpg","a_00189.jpg","a_00190.jpg","a_00191.jpg"]
},
"meta": {
	"app": "https://www.codeandweb.com/texturepacker",
	"version": "1.0",
	"image": "47.jpg",
	"format": "RGB888",
	"size": {"w":1504,"h":1504},
	"scale": "1",
	"smartupdate": "$TexturePacker:SmartUpdate:254f79307a80e48b54efe3f9f83849c6:d79def540eb26b5b92bed86d1a56bd77:25acecefd782275115108bb313a7236b$"
}
}
