{"frames": {

"a_00036.jpg":
{
	"frame": {"x":1,"y":1,"w":750,"h":750},
	"rotated": false,
	"trimmed": false,
	"spriteSourceSize": {"x":0,"y":0,"w":750,"h":750},
	"sourceSize": {"w":750,"h":750}
},
"a_00037.jpg":
{
	"frame": {"x":1,"y":753,"w":750,"h":750},
	"rotated": false,
	"trimmed": false,
	"spriteSourceSize": {"x":0,"y":0,"w":750,"h":750},
	"sourceSize": {"w":750,"h":750}
},
"a_00038.jpg":
{
	"frame": {"x":753,"y":1,"w":750,"h":750},
	"rotated": false,
	"trimmed": false,
	"spriteSourceSize": {"x":0,"y":0,"w":750,"h":750},
	"sourceSize": {"w":750,"h":750}
},
"a_00039.jpg":
{
	"frame": {"x":753,"y":753,"w":750,"h":750},
	"rotated": false,
	"trimmed": false,
	"spriteSourceSize": {"x":0,"y":0,"w":750,"h":750},
	"sourceSize": {"w":750,"h":750}
}},
"animations": {
	"a": ["a_00036.jpg","a_00037.jpg","a_00038.jpg","a_00039.jpg"]
},
"meta": {
	"app": "https://www.codeandweb.com/texturepacker",
	"version": "1.0",
	"image": "9.jpg",
	"format": "RGB888",
	"size": {"w":1504,"h":1504},
	"scale": "1",
	"smartupdate": "$TexturePacker:SmartUpdate:5f9484d38d9cf28f1710bb52bfc876e9:e33a47921d6b16e37e03ab4eac17f85d:8773dc0141f841f4c9ed25633c4aaf6b$"
}
}
