{
    "frames": {

        "0.png": {
            "frame": {
                "x": 1,
                "y": 1,
                "w": 81,
                "h": 130
            },
            "rotated": false,
            "trimmed": true,
            "spriteSourceSize": {
                "x": 2,
                "y": 0,
                "w": 81,
                "h": 130
            },
            "sourceSize": {
                "w": 85,
                "h": 130
            }
        },
        "0_0.png": {
            "frame": {
                "x": 645,
                "y": 212,
                "w": 26,
                "h": 40
            },
            "rotated": false,
            "trimmed": true,
            "spriteSourceSize": {
                "x": 14,
                "y": 30,
                "w": 26,
                "h": 40
            },
            "sourceSize": {
                "w": 55,
                "h": 100
            }
        },
        "0_1.png": {
            "frame": {
                "x": 817,
                "y": 99,
                "w": 26,
                "h": 56
            },
            "rotated": false,
            "trimmed": true,
            "spriteSourceSize": {
                "x": 14,
                "y": 22,
                "w": 26,
                "h": 56
            },
            "sourceSize": {
                "w": 55,
                "h": 100
            }
        },
        "0_2.png": {
            "frame": {
                "x": 733,
                "y": 1,
                "w": 26,
                "h": 68
            },
            "rotated": false,
            "trimmed": true,
            "spriteSourceSize": {
                "x": 14,
                "y": 16,
                "w": 26,
                "h": 68
            },
            "sourceSize": {
                "w": 55,
                "h": 100
            }
        },
        "0_3.png": {
            "frame": {
                "x": 375,
                "y": 227,
                "w": 26,
                "h": 80
            },
            "rotated": true,
            "trimmed": true,
            "spriteSourceSize": {
                "x": 14,
                "y": 10,
                "w": 26,
                "h": 80
            },
            "sourceSize": {
                "w": 55,
                "h": 100
            }
        },
        "0_4.png": {
            "frame": {
                "x": 281,
                "y": 229,
                "w": 26,
                "h": 92
            },
            "rotated": true,
            "trimmed": true,
            "spriteSourceSize": {
                "x": 14,
                "y": 4,
                "w": 26,
                "h": 92
            },
            "sourceSize": {
                "w": 55,
                "h": 100
            }
        },
        "0_5.png": {
            "frame": {
                "x": 1,
                "y": 133,
                "w": 26,
                "h": 100
            },
            "rotated": false,
            "trimmed": true,
            "spriteSourceSize": {
                "x": 14,
                "y": 0,
                "w": 26,
                "h": 100
            },
            "sourceSize": {
                "w": 55,
                "h": 100
            }
        },
        "0_6.png": {
            "frame": {
                "x": 281,
                "y": 229,
                "w": 26,
                "h": 92
            },
            "rotated": true,
            "trimmed": true,
            "spriteSourceSize": {
                "x": 14,
                "y": 4,
                "w": 26,
                "h": 92
            },
            "sourceSize": {
                "w": 55,
                "h": 100
            }
        },
        "0_7.png": {
            "frame": {
                "x": 375,
                "y": 227,
                "w": 26,
                "h": 80
            },
            "rotated": true,
            "trimmed": true,
            "spriteSourceSize": {
                "x": 14,
                "y": 10,
                "w": 26,
                "h": 80
            },
            "sourceSize": {
                "w": 55,
                "h": 100
            }
        },
        "0_8.png": {
            "frame": {
                "x": 733,
                "y": 1,
                "w": 26,
                "h": 68
            },
            "rotated": false,
            "trimmed": true,
            "spriteSourceSize": {
                "x": 14,
                "y": 16,
                "w": 26,
                "h": 68
            },
            "sourceSize": {
                "w": 55,
                "h": 100
            }
        },
        "0_9.png": {
            "frame": {
                "x": 817,
                "y": 99,
                "w": 26,
                "h": 56
            },
            "rotated": false,
            "trimmed": true,
            "spriteSourceSize": {
                "x": 14,
                "y": 22,
                "w": 26,
                "h": 56
            },
            "sourceSize": {
                "w": 55,
                "h": 100
            }
        },
        "0_10.png": {
            "frame": {
                "x": 645,
                "y": 212,
                "w": 26,
                "h": 40
            },
            "rotated": false,
            "trimmed": true,
            "spriteSourceSize": {
                "x": 14,
                "y": 30,
                "w": 26,
                "h": 40
            },
            "sourceSize": {
                "w": 55,
                "h": 100
            }
        },
        "1.png": {
            "frame": {
                "x": 408,
                "y": 1,
                "w": 60,
                "h": 130
            },
            "rotated": false,
            "trimmed": true,
            "spriteSourceSize": {
                "x": 12,
                "y": 0,
                "w": 60,
                "h": 130
            },
            "sourceSize": {
                "w": 85,
                "h": 130
            }
        },
        "1_0.png": {
            "frame": {
                "x": 733,
                "y": 71,
                "w": 20,
                "h": 40
            },
            "rotated": false,
            "trimmed": true,
            "spriteSourceSize": {
                "x": 17,
                "y": 30,
                "w": 20,
                "h": 40
            },
            "sourceSize": {
                "w": 55,
                "h": 100
            }
        },
        "1_1.png": {
            "frame": {
                "x": 752,
                "y": 235,
                "w": 20,
                "h": 55
            },
            "rotated": true,
            "trimmed": true,
            "spriteSourceSize": {
                "x": 17,
                "y": 23,
                "w": 20,
                "h": 55
            },
            "sourceSize": {
                "w": 55,
                "h": 100
            }
        },
        "1_2.png": {
            "frame": {
                "x": 738,
                "y": 183,
                "w": 20,
                "h": 68
            },
            "rotated": true,
            "trimmed": true,
            "spriteSourceSize": {
                "x": 17,
                "y": 16,
                "w": 20,
                "h": 68
            },
            "sourceSize": {
                "w": 55,
                "h": 100
            }
        },
        "1_3.png": {
            "frame": {
                "x": 199,
                "y": 235,
                "w": 20,
                "h": 80
            },
            "rotated": true,
            "trimmed": true,
            "spriteSourceSize": {
                "x": 17,
                "y": 10,
                "w": 20,
                "h": 80
            },
            "sourceSize": {
                "w": 55,
                "h": 100
            }
        },
        "1_4.png": {
            "frame": {
                "x": 103,
                "y": 235,
                "w": 20,
                "h": 94
            },
            "rotated": true,
            "trimmed": true,
            "spriteSourceSize": {
                "x": 17,
                "y": 3,
                "w": 20,
                "h": 94
            },
            "sourceSize": {
                "w": 55,
                "h": 100
            }
        },
        "1_5.png": {
            "frame": {
                "x": 1,
                "y": 235,
                "w": 20,
                "h": 100
            },
            "rotated": true,
            "trimmed": true,
            "spriteSourceSize": {
                "x": 17,
                "y": 0,
                "w": 20,
                "h": 100
            },
            "sourceSize": {
                "w": 55,
                "h": 100
            }
        },
        "1_6.png": {
            "frame": {
                "x": 103,
                "y": 235,
                "w": 20,
                "h": 94
            },
            "rotated": true,
            "trimmed": true,
            "spriteSourceSize": {
                "x": 17,
                "y": 3,
                "w": 20,
                "h": 94
            },
            "sourceSize": {
                "w": 55,
                "h": 100
            }
        },
        "1_7.png": {
            "frame": {
                "x": 199,
                "y": 235,
                "w": 20,
                "h": 80
            },
            "rotated": true,
            "trimmed": true,
            "spriteSourceSize": {
                "x": 17,
                "y": 10,
                "w": 20,
                "h": 80
            },
            "sourceSize": {
                "w": 55,
                "h": 100
            }
        },
        "1_8.png": {
            "frame": {
                "x": 738,
                "y": 183,
                "w": 20,
                "h": 68
            },
            "rotated": true,
            "trimmed": true,
            "spriteSourceSize": {
                "x": 17,
                "y": 16,
                "w": 20,
                "h": 68
            },
            "sourceSize": {
                "w": 55,
                "h": 100
            }
        },
        "1_9.png": {
            "frame": {
                "x": 752,
                "y": 235,
                "w": 20,
                "h": 55
            },
            "rotated": true,
            "trimmed": true,
            "spriteSourceSize": {
                "x": 17,
                "y": 23,
                "w": 20,
                "h": 55
            },
            "sourceSize": {
                "w": 55,
                "h": 100
            }
        },
        "1_10.png": {
            "frame": {
                "x": 733,
                "y": 71,
                "w": 20,
                "h": 40
            },
            "rotated": false,
            "trimmed": true,
            "spriteSourceSize": {
                "x": 17,
                "y": 30,
                "w": 20,
                "h": 40
            },
            "sourceSize": {
                "w": 55,
                "h": 100
            }
        },
        "2.png": {
            "frame": {
                "x": 550,
                "y": 1,
                "w": 76,
                "h": 128
            },
            "rotated": false,
            "trimmed": true,
            "spriteSourceSize": {
                "x": 4,
                "y": 1,
                "w": 76,
                "h": 128
            },
            "sourceSize": {
                "w": 85,
                "h": 130
            }
        },
        "2_0.png": {
            "frame": {
                "x": 485,
                "y": 216,
                "w": 24,
                "h": 38
            },
            "rotated": false,
            "trimmed": true,
            "spriteSourceSize": {
                "x": 15,
                "y": 31,
                "w": 24,
                "h": 38
            },
            "sourceSize": {
                "w": 55,
                "h": 100
            }
        },
        "2_1.png": {
            "frame": {
                "x": 845,
                "y": 98,
                "w": 24,
                "h": 54
            },
            "rotated": false,
            "trimmed": true,
            "spriteSourceSize": {
                "x": 15,
                "y": 23,
                "w": 24,
                "h": 54
            },
            "sourceSize": {
                "w": 55,
                "h": 100
            }
        },
        "2_2.png": {
            "frame": {
                "x": 765,
                "y": 99,
                "w": 24,
                "h": 66
            },
            "rotated": false,
            "trimmed": true,
            "spriteSourceSize": {
                "x": 15,
                "y": 17,
                "w": 24,
                "h": 66
            },
            "sourceSize": {
                "w": 55,
                "h": 100
            }
        },
        "2_3.png": {
            "frame": {
                "x": 608,
                "y": 131,
                "w": 24,
                "h": 80
            },
            "rotated": false,
            "trimmed": true,
            "spriteSourceSize": {
                "x": 15,
                "y": 10,
                "w": 24,
                "h": 80
            },
            "sourceSize": {
                "w": 55,
                "h": 100
            }
        },
        "2_4.png": {
            "frame": {
                "x": 294,
                "y": 133,
                "w": 24,
                "h": 93
            },
            "rotated": false,
            "trimmed": true,
            "spriteSourceSize": {
                "x": 15,
                "y": 4,
                "w": 24,
                "h": 93
            },
            "sourceSize": {
                "w": 55,
                "h": 100
            }
        },
        "2_5.png": {
            "frame": {
                "x": 84,
                "y": 133,
                "w": 24,
                "h": 100
            },
            "rotated": false,
            "trimmed": true,
            "spriteSourceSize": {
                "x": 15,
                "y": 0,
                "w": 24,
                "h": 100
            },
            "sourceSize": {
                "w": 55,
                "h": 100
            }
        },
        "2_6.png": {
            "frame": {
                "x": 294,
                "y": 133,
                "w": 24,
                "h": 93
            },
            "rotated": false,
            "trimmed": true,
            "spriteSourceSize": {
                "x": 15,
                "y": 4,
                "w": 24,
                "h": 93
            },
            "sourceSize": {
                "w": 55,
                "h": 100
            }
        },
        "2_7.png": {
            "frame": {
                "x": 608,
                "y": 131,
                "w": 24,
                "h": 80
            },
            "rotated": false,
            "trimmed": true,
            "spriteSourceSize": {
                "x": 15,
                "y": 10,
                "w": 24,
                "h": 80
            },
            "sourceSize": {
                "w": 55,
                "h": 100
            }
        },
        "2_8.png": {
            "frame": {
                "x": 765,
                "y": 99,
                "w": 24,
                "h": 66
            },
            "rotated": false,
            "trimmed": true,
            "spriteSourceSize": {
                "x": 15,
                "y": 17,
                "w": 24,
                "h": 66
            },
            "sourceSize": {
                "w": 55,
                "h": 100
            }
        },
        "2_9.png": {
            "frame": {
                "x": 845,
                "y": 98,
                "w": 24,
                "h": 54
            },
            "rotated": false,
            "trimmed": true,
            "spriteSourceSize": {
                "x": 15,
                "y": 23,
                "w": 24,
                "h": 54
            },
            "sourceSize": {
                "w": 55,
                "h": 100
            }
        },
        "2_10.png": {
            "frame": {
                "x": 485,
                "y": 216,
                "w": 24,
                "h": 38
            },
            "rotated": false,
            "trimmed": true,
            "spriteSourceSize": {
                "x": 15,
                "y": 31,
                "w": 24,
                "h": 38
            },
            "sourceSize": {
                "w": 55,
                "h": 100
            }
        },
        "3.png": {
            "frame": {
                "x": 166,
                "y": 1,
                "w": 79,
                "h": 130
            },
            "rotated": false,
            "trimmed": true,
            "spriteSourceSize": {
                "x": 3,
                "y": 0,
                "w": 79,
                "h": 130
            },
            "sourceSize": {
                "w": 85,
                "h": 130
            }
        },
        "3_0.png": {
            "frame": {
                "x": 700,
                "y": 212,
                "w": 24,
                "h": 40
            },
            "rotated": false,
            "trimmed": true,
            "spriteSourceSize": {
                "x": 15,
                "y": 30,
                "w": 24,
                "h": 40
            },
            "sourceSize": {
                "w": 55,
                "h": 100
            }
        },
        "3_1.png": {
            "frame": {
                "x": 839,
                "y": 1,
                "w": 24,
                "h": 56
            },
            "rotated": false,
            "trimmed": true,
            "spriteSourceSize": {
                "x": 15,
                "y": 22,
                "w": 24,
                "h": 56
            },
            "sourceSize": {
                "w": 55,
                "h": 100
            }
        },
        "3_2.png": {
            "frame": {
                "x": 761,
                "y": 1,
                "w": 24,
                "h": 68
            },
            "rotated": false,
            "trimmed": true,
            "spriteSourceSize": {
                "x": 15,
                "y": 16,
                "w": 24,
                "h": 68
            },
            "sourceSize": {
                "w": 55,
                "h": 100
            }
        },
        "3_3.png": {
            "frame": {
                "x": 634,
                "y": 130,
                "w": 24,
                "h": 80
            },
            "rotated": false,
            "trimmed": true,
            "spriteSourceSize": {
                "x": 15,
                "y": 10,
                "w": 24,
                "h": 80
            },
            "sourceSize": {
                "w": 55,
                "h": 100
            }
        },
        "3_4.png": {
            "frame": {
                "x": 399,
                "y": 133,
                "w": 24,
                "h": 92
            },
            "rotated": false,
            "trimmed": true,
            "spriteSourceSize": {
                "x": 15,
                "y": 4,
                "w": 24,
                "h": 92
            },
            "sourceSize": {
                "w": 55,
                "h": 100
            }
        },
        "3_5.png": {
            "frame": {
                "x": 110,
                "y": 133,
                "w": 24,
                "h": 100
            },
            "rotated": false,
            "trimmed": true,
            "spriteSourceSize": {
                "x": 15,
                "y": 0,
                "w": 24,
                "h": 100
            },
            "sourceSize": {
                "w": 55,
                "h": 100
            }
        },
        "3_6.png": {
            "frame": {
                "x": 399,
                "y": 133,
                "w": 24,
                "h": 92
            },
            "rotated": false,
            "trimmed": true,
            "spriteSourceSize": {
                "x": 15,
                "y": 4,
                "w": 24,
                "h": 92
            },
            "sourceSize": {
                "w": 55,
                "h": 100
            }
        },
        "3_7.png": {
            "frame": {
                "x": 634,
                "y": 130,
                "w": 24,
                "h": 80
            },
            "rotated": false,
            "trimmed": true,
            "spriteSourceSize": {
                "x": 15,
                "y": 10,
                "w": 24,
                "h": 80
            },
            "sourceSize": {
                "w": 55,
                "h": 100
            }
        },
        "3_8.png": {
            "frame": {
                "x": 761,
                "y": 1,
                "w": 24,
                "h": 68
            },
            "rotated": false,
            "trimmed": true,
            "spriteSourceSize": {
                "x": 15,
                "y": 16,
                "w": 24,
                "h": 68
            },
            "sourceSize": {
                "w": 55,
                "h": 100
            }
        },
        "3_9.png": {
            "frame": {
                "x": 839,
                "y": 1,
                "w": 24,
                "h": 56
            },
            "rotated": false,
            "trimmed": true,
            "spriteSourceSize": {
                "x": 15,
                "y": 22,
                "w": 24,
                "h": 56
            },
            "sourceSize": {
                "w": 55,
                "h": 100
            }
        },
        "3_10.png": {
            "frame": {
                "x": 700,
                "y": 212,
                "w": 24,
                "h": 40
            },
            "rotated": false,
            "trimmed": true,
            "spriteSourceSize": {
                "x": 15,
                "y": 30,
                "w": 24,
                "h": 40
            },
            "sourceSize": {
                "w": 55,
                "h": 100
            }
        },
        "4.png": {
            "frame": {
                "x": 451,
                "y": 133,
                "w": 81,
                "h": 128
            },
            "rotated": true,
            "trimmed": true,
            "spriteSourceSize": {
                "x": 2,
                "y": 1,
                "w": 81,
                "h": 128
            },
            "sourceSize": {
                "w": 85,
                "h": 130
            }
        },
        "4_0.png": {
            "frame": {
                "x": 457,
                "y": 216,
                "w": 26,
                "h": 38
            },
            "rotated": false,
            "trimmed": true,
            "spriteSourceSize": {
                "x": 14,
                "y": 31,
                "w": 26,
                "h": 38
            },
            "sourceSize": {
                "w": 55,
                "h": 100
            }
        },
        "4_1.png": {
            "frame": {
                "x": 752,
                "y": 205,
                "w": 26,
                "h": 54
            },
            "rotated": true,
            "trimmed": true,
            "spriteSourceSize": {
                "x": 14,
                "y": 23,
                "w": 26,
                "h": 54
            },
            "sourceSize": {
                "w": 55,
                "h": 100
            }
        },
        "4_2.png": {
            "frame": {
                "x": 755,
                "y": 71,
                "w": 26,
                "h": 66
            },
            "rotated": true,
            "trimmed": true,
            "spriteSourceSize": {
                "x": 14,
                "y": 17,
                "w": 26,
                "h": 66
            },
            "sourceSize": {
                "w": 55,
                "h": 100
            }
        },
        "4_3.png": {
            "frame": {
                "x": 563,
                "y": 216,
                "w": 26,
                "h": 80
            },
            "rotated": true,
            "trimmed": true,
            "spriteSourceSize": {
                "x": 14,
                "y": 10,
                "w": 26,
                "h": 80
            },
            "sourceSize": {
                "w": 55,
                "h": 100
            }
        },
        "4_4.png": {
            "frame": {
                "x": 240,
                "y": 133,
                "w": 26,
                "h": 94
            },
            "rotated": false,
            "trimmed": true,
            "spriteSourceSize": {
                "x": 14,
                "y": 3,
                "w": 26,
                "h": 94
            },
            "sourceSize": {
                "w": 55,
                "h": 100
            }
        },
        "4_5.png": {
            "frame": {
                "x": 29,
                "y": 133,
                "w": 26,
                "h": 100
            },
            "rotated": false,
            "trimmed": true,
            "spriteSourceSize": {
                "x": 14,
                "y": 0,
                "w": 26,
                "h": 100
            },
            "sourceSize": {
                "w": 55,
                "h": 100
            }
        },
        "4_6.png": {
            "frame": {
                "x": 240,
                "y": 133,
                "w": 26,
                "h": 94
            },
            "rotated": false,
            "trimmed": true,
            "spriteSourceSize": {
                "x": 14,
                "y": 3,
                "w": 26,
                "h": 94
            },
            "sourceSize": {
                "w": 55,
                "h": 100
            }
        },
        "4_7.png": {
            "frame": {
                "x": 563,
                "y": 216,
                "w": 26,
                "h": 80
            },
            "rotated": true,
            "trimmed": true,
            "spriteSourceSize": {
                "x": 14,
                "y": 10,
                "w": 26,
                "h": 80
            },
            "sourceSize": {
                "w": 55,
                "h": 100
            }
        },
        "4_8.png": {
            "frame": {
                "x": 755,
                "y": 71,
                "w": 26,
                "h": 66
            },
            "rotated": true,
            "trimmed": true,
            "spriteSourceSize": {
                "x": 14,
                "y": 17,
                "w": 26,
                "h": 66
            },
            "sourceSize": {
                "w": 55,
                "h": 100
            }
        },
        "4_9.png": {
            "frame": {
                "x": 752,
                "y": 205,
                "w": 26,
                "h": 54
            },
            "rotated": true,
            "trimmed": true,
            "spriteSourceSize": {
                "x": 14,
                "y": 23,
                "w": 26,
                "h": 54
            },
            "sourceSize": {
                "w": 55,
                "h": 100
            }
        },
        "4_10.png": {
            "frame": {
                "x": 457,
                "y": 216,
                "w": 26,
                "h": 38
            },
            "rotated": false,
            "trimmed": true,
            "spriteSourceSize": {
                "x": 14,
                "y": 31,
                "w": 26,
                "h": 38
            },
            "sourceSize": {
                "w": 55,
                "h": 100
            }
        },
        "5.png": {
            "frame": {
                "x": 470,
                "y": 1,
                "w": 78,
                "h": 128
            },
            "rotated": false,
            "trimmed": true,
            "spriteSourceSize": {
                "x": 3,
                "y": 1,
                "w": 78,
                "h": 128
            },
            "sourceSize": {
                "w": 85,
                "h": 130
            }
        },
        "5_0.png": {
            "frame": {
                "x": 511,
                "y": 216,
                "w": 24,
                "h": 38
            },
            "rotated": false,
            "trimmed": true,
            "spriteSourceSize": {
                "x": 15,
                "y": 31,
                "w": 24,
                "h": 38
            },
            "sourceSize": {
                "w": 55,
                "h": 100
            }
        },
        "5_1.png": {
            "frame": {
                "x": 834,
                "y": 215,
                "w": 24,
                "h": 54
            },
            "rotated": true,
            "trimmed": true,
            "spriteSourceSize": {
                "x": 15,
                "y": 23,
                "w": 24,
                "h": 54
            },
            "sourceSize": {
                "w": 55,
                "h": 100
            }
        },
        "5_2.png": {
            "frame": {
                "x": 791,
                "y": 99,
                "w": 24,
                "h": 66
            },
            "rotated": false,
            "trimmed": true,
            "spriteSourceSize": {
                "x": 15,
                "y": 17,
                "w": 24,
                "h": 66
            },
            "sourceSize": {
                "w": 55,
                "h": 100
            }
        },
        "5_3.png": {
            "frame": {
                "x": 660,
                "y": 130,
                "w": 24,
                "h": 80
            },
            "rotated": false,
            "trimmed": true,
            "spriteSourceSize": {
                "x": 15,
                "y": 10,
                "w": 24,
                "h": 80
            },
            "sourceSize": {
                "w": 55,
                "h": 100
            }
        },
        "5_4.png": {
            "frame": {
                "x": 320,
                "y": 133,
                "w": 24,
                "h": 93
            },
            "rotated": false,
            "trimmed": true,
            "spriteSourceSize": {
                "x": 15,
                "y": 3,
                "w": 24,
                "h": 93
            },
            "sourceSize": {
                "w": 55,
                "h": 100
            }
        },
        "5_5.png": {
            "frame": {
                "x": 136,
                "y": 133,
                "w": 24,
                "h": 100
            },
            "rotated": false,
            "trimmed": true,
            "spriteSourceSize": {
                "x": 15,
                "y": 0,
                "w": 24,
                "h": 100
            },
            "sourceSize": {
                "w": 55,
                "h": 100
            }
        },
        "5_6.png": {
            "frame": {
                "x": 320,
                "y": 133,
                "w": 24,
                "h": 93
            },
            "rotated": false,
            "trimmed": true,
            "spriteSourceSize": {
                "x": 15,
                "y": 3,
                "w": 24,
                "h": 93
            },
            "sourceSize": {
                "w": 55,
                "h": 100
            }
        },
        "5_7.png": {
            "frame": {
                "x": 660,
                "y": 130,
                "w": 24,
                "h": 80
            },
            "rotated": false,
            "trimmed": true,
            "spriteSourceSize": {
                "x": 15,
                "y": 10,
                "w": 24,
                "h": 80
            },
            "sourceSize": {
                "w": 55,
                "h": 100
            }
        },
        "5_8.png": {
            "frame": {
                "x": 791,
                "y": 99,
                "w": 24,
                "h": 66
            },
            "rotated": false,
            "trimmed": true,
            "spriteSourceSize": {
                "x": 15,
                "y": 17,
                "w": 24,
                "h": 66
            },
            "sourceSize": {
                "w": 55,
                "h": 100
            }
        },
        "5_9.png": {
            "frame": {
                "x": 834,
                "y": 215,
                "w": 24,
                "h": 54
            },
            "rotated": true,
            "trimmed": true,
            "spriteSourceSize": {
                "x": 15,
                "y": 23,
                "w": 24,
                "h": 54
            },
            "sourceSize": {
                "w": 55,
                "h": 100
            }
        },
        "5_10.png": {
            "frame": {
                "x": 511,
                "y": 216,
                "w": 24,
                "h": 38
            },
            "rotated": false,
            "trimmed": true,
            "spriteSourceSize": {
                "x": 15,
                "y": 31,
                "w": 24,
                "h": 38
            },
            "sourceSize": {
                "w": 55,
                "h": 100
            }
        },
        "6.png": {
            "frame": {
                "x": 247,
                "y": 1,
                "w": 79,
                "h": 130
            },
            "rotated": false,
            "trimmed": true,
            "spriteSourceSize": {
                "x": 3,
                "y": 0,
                "w": 79,
                "h": 130
            },
            "sourceSize": {
                "w": 85,
                "h": 130
            }
        },
        "6_0.png": {
            "frame": {
                "x": 707,
                "y": 83,
                "w": 24,
                "h": 40
            },
            "rotated": false,
            "trimmed": true,
            "spriteSourceSize": {
                "x": 15,
                "y": 30,
                "w": 24,
                "h": 40
            },
            "sourceSize": {
                "w": 55,
                "h": 100
            }
        },
        "6_1.png": {
            "frame": {
                "x": 865,
                "y": 1,
                "w": 24,
                "h": 56
            },
            "rotated": false,
            "trimmed": true,
            "spriteSourceSize": {
                "x": 15,
                "y": 22,
                "w": 24,
                "h": 56
            },
            "sourceSize": {
                "w": 55,
                "h": 100
            }
        },
        "6_2.png": {
            "frame": {
                "x": 787,
                "y": 1,
                "w": 24,
                "h": 68
            },
            "rotated": false,
            "trimmed": true,
            "spriteSourceSize": {
                "x": 15,
                "y": 16,
                "w": 24,
                "h": 68
            },
            "sourceSize": {
                "w": 55,
                "h": 100
            }
        },
        "6_3.png": {
            "frame": {
                "x": 686,
                "y": 130,
                "w": 24,
                "h": 80
            },
            "rotated": false,
            "trimmed": true,
            "spriteSourceSize": {
                "x": 15,
                "y": 10,
                "w": 24,
                "h": 80
            },
            "sourceSize": {
                "w": 55,
                "h": 100
            }
        },
        "6_4.png": {
            "frame": {
                "x": 425,
                "y": 133,
                "w": 24,
                "h": 92
            },
            "rotated": false,
            "trimmed": true,
            "spriteSourceSize": {
                "x": 15,
                "y": 4,
                "w": 24,
                "h": 92
            },
            "sourceSize": {
                "w": 55,
                "h": 100
            }
        },
        "6_5.png": {
            "frame": {
                "x": 162,
                "y": 133,
                "w": 24,
                "h": 100
            },
            "rotated": false,
            "trimmed": true,
            "spriteSourceSize": {
                "x": 15,
                "y": 0,
                "w": 24,
                "h": 100
            },
            "sourceSize": {
                "w": 55,
                "h": 100
            }
        },
        "6_6.png": {
            "frame": {
                "x": 425,
                "y": 133,
                "w": 24,
                "h": 92
            },
            "rotated": false,
            "trimmed": true,
            "spriteSourceSize": {
                "x": 15,
                "y": 4,
                "w": 24,
                "h": 92
            },
            "sourceSize": {
                "w": 55,
                "h": 100
            }
        },
        "6_7.png": {
            "frame": {
                "x": 686,
                "y": 130,
                "w": 24,
                "h": 80
            },
            "rotated": false,
            "trimmed": true,
            "spriteSourceSize": {
                "x": 15,
                "y": 10,
                "w": 24,
                "h": 80
            },
            "sourceSize": {
                "w": 55,
                "h": 100
            }
        },
        "6_8.png": {
            "frame": {
                "x": 787,
                "y": 1,
                "w": 24,
                "h": 68
            },
            "rotated": false,
            "trimmed": true,
            "spriteSourceSize": {
                "x": 15,
                "y": 16,
                "w": 24,
                "h": 68
            },
            "sourceSize": {
                "w": 55,
                "h": 100
            }
        },
        "6_9.png": {
            "frame": {
                "x": 865,
                "y": 1,
                "w": 24,
                "h": 56
            },
            "rotated": false,
            "trimmed": true,
            "spriteSourceSize": {
                "x": 15,
                "y": 22,
                "w": 24,
                "h": 56
            },
            "sourceSize": {
                "w": 55,
                "h": 100
            }
        },
        "6_10.png": {
            "frame": {
                "x": 707,
                "y": 83,
                "w": 24,
                "h": 40
            },
            "rotated": false,
            "trimmed": true,
            "spriteSourceSize": {
                "x": 15,
                "y": 30,
                "w": 24,
                "h": 40
            },
            "sourceSize": {
                "w": 55,
                "h": 100
            }
        },
        "7.png": {
            "frame": {
                "x": 628,
                "y": 1,
                "w": 77,
                "h": 127
            },
            "rotated": false,
            "trimmed": true,
            "spriteSourceSize": {
                "x": 4,
                "y": 1,
                "w": 77,
                "h": 127
            },
            "sourceSize": {
                "w": 85,
                "h": 130
            }
        },
        "7_0.png": {
            "frame": {
                "x": 537,
                "y": 216,
                "w": 24,
                "h": 38
            },
            "rotated": false,
            "trimmed": true,
            "spriteSourceSize": {
                "x": 15,
                "y": 31,
                "w": 24,
                "h": 38
            },
            "sourceSize": {
                "w": 55,
                "h": 100
            }
        },
        "7_1.png": {
            "frame": {
                "x": 860,
                "y": 154,
                "w": 24,
                "h": 54
            },
            "rotated": false,
            "trimmed": true,
            "spriteSourceSize": {
                "x": 15,
                "y": 23,
                "w": 24,
                "h": 54
            },
            "sourceSize": {
                "w": 55,
                "h": 100
            }
        },
        "7_2.png": {
            "frame": {
                "x": 808,
                "y": 167,
                "w": 24,
                "h": 66
            },
            "rotated": false,
            "trimmed": true,
            "spriteSourceSize": {
                "x": 15,
                "y": 17,
                "w": 24,
                "h": 66
            },
            "sourceSize": {
                "w": 55,
                "h": 100
            }
        },
        "7_3.png": {
            "frame": {
                "x": 707,
                "y": 1,
                "w": 24,
                "h": 80
            },
            "rotated": false,
            "trimmed": true,
            "spriteSourceSize": {
                "x": 15,
                "y": 10,
                "w": 24,
                "h": 80
            },
            "sourceSize": {
                "w": 55,
                "h": 100
            }
        },
        "7_4.png": {
            "frame": {
                "x": 268,
                "y": 133,
                "w": 24,
                "h": 94
            },
            "rotated": false,
            "trimmed": true,
            "spriteSourceSize": {
                "x": 15,
                "y": 3,
                "w": 24,
                "h": 94
            },
            "sourceSize": {
                "w": 55,
                "h": 100
            }
        },
        "7_5.png": {
            "frame": {
                "x": 188,
                "y": 133,
                "w": 24,
                "h": 100
            },
            "rotated": false,
            "trimmed": true,
            "spriteSourceSize": {
                "x": 15,
                "y": 0,
                "w": 24,
                "h": 100
            },
            "sourceSize": {
                "w": 55,
                "h": 100
            }
        },
        "7_6.png": {
            "frame": {
                "x": 268,
                "y": 133,
                "w": 24,
                "h": 94
            },
            "rotated": false,
            "trimmed": true,
            "spriteSourceSize": {
                "x": 15,
                "y": 3,
                "w": 24,
                "h": 94
            },
            "sourceSize": {
                "w": 55,
                "h": 100
            }
        },
        "7_7.png": {
            "frame": {
                "x": 707,
                "y": 1,
                "w": 24,
                "h": 80
            },
            "rotated": false,
            "trimmed": true,
            "spriteSourceSize": {
                "x": 15,
                "y": 10,
                "w": 24,
                "h": 80
            },
            "sourceSize": {
                "w": 55,
                "h": 100
            }
        },
        "7_8.png": {
            "frame": {
                "x": 808,
                "y": 167,
                "w": 24,
                "h": 66
            },
            "rotated": false,
            "trimmed": true,
            "spriteSourceSize": {
                "x": 15,
                "y": 17,
                "w": 24,
                "h": 66
            },
            "sourceSize": {
                "w": 55,
                "h": 100
            }
        },
        "7_9.png": {
            "frame": {
                "x": 860,
                "y": 154,
                "w": 24,
                "h": 54
            },
            "rotated": false,
            "trimmed": true,
            "spriteSourceSize": {
                "x": 15,
                "y": 23,
                "w": 24,
                "h": 54
            },
            "sourceSize": {
                "w": 55,
                "h": 100
            }
        },
        "7_10.png": {
            "frame": {
                "x": 537,
                "y": 216,
                "w": 24,
                "h": 38
            },
            "rotated": false,
            "trimmed": true,
            "spriteSourceSize": {
                "x": 15,
                "y": 31,
                "w": 24,
                "h": 38
            },
            "sourceSize": {
                "w": 55,
                "h": 100
            }
        },
        "8.png": {
            "frame": {
                "x": 84,
                "y": 1,
                "w": 80,
                "h": 130
            },
            "rotated": false,
            "trimmed": true,
            "spriteSourceSize": {
                "x": 2,
                "y": 0,
                "w": 80,
                "h": 130
            },
            "sourceSize": {
                "w": 85,
                "h": 130
            }
        },
        "8_0.png": {
            "frame": {
                "x": 673,
                "y": 212,
                "w": 25,
                "h": 40
            },
            "rotated": false,
            "trimmed": true,
            "spriteSourceSize": {
                "x": 14,
                "y": 30,
                "w": 25,
                "h": 40
            },
            "sourceSize": {
                "w": 55,
                "h": 100
            }
        },
        "8_1.png": {
            "frame": {
                "x": 823,
                "y": 71,
                "w": 25,
                "h": 56
            },
            "rotated": true,
            "trimmed": true,
            "spriteSourceSize": {
                "x": 14,
                "y": 22,
                "w": 25,
                "h": 56
            },
            "sourceSize": {
                "w": 55,
                "h": 100
            }
        },
        "8_2.png": {
            "frame": {
                "x": 738,
                "y": 113,
                "w": 25,
                "h": 68
            },
            "rotated": false,
            "trimmed": true,
            "spriteSourceSize": {
                "x": 14,
                "y": 16,
                "w": 25,
                "h": 68
            },
            "sourceSize": {
                "w": 55,
                "h": 100
            }
        },
        "8_3.png": {
            "frame": {
                "x": 581,
                "y": 131,
                "w": 25,
                "h": 80
            },
            "rotated": false,
            "trimmed": true,
            "spriteSourceSize": {
                "x": 14,
                "y": 10,
                "w": 25,
                "h": 80
            },
            "sourceSize": {
                "w": 55,
                "h": 100
            }
        },
        "8_4.png": {
            "frame": {
                "x": 372,
                "y": 133,
                "w": 25,
                "h": 92
            },
            "rotated": false,
            "trimmed": true,
            "spriteSourceSize": {
                "x": 14,
                "y": 4,
                "w": 25,
                "h": 92
            },
            "sourceSize": {
                "w": 55,
                "h": 100
            }
        },
        "8_5.png": {
            "frame": {
                "x": 57,
                "y": 133,
                "w": 25,
                "h": 100
            },
            "rotated": false,
            "trimmed": true,
            "spriteSourceSize": {
                "x": 14,
                "y": 0,
                "w": 25,
                "h": 100
            },
            "sourceSize": {
                "w": 55,
                "h": 100
            }
        },
        "8_6.png": {
            "frame": {
                "x": 372,
                "y": 133,
                "w": 25,
                "h": 92
            },
            "rotated": false,
            "trimmed": true,
            "spriteSourceSize": {
                "x": 14,
                "y": 4,
                "w": 25,
                "h": 92
            },
            "sourceSize": {
                "w": 55,
                "h": 100
            }
        },
        "8_7.png": {
            "frame": {
                "x": 581,
                "y": 131,
                "w": 25,
                "h": 80
            },
            "rotated": false,
            "trimmed": true,
            "spriteSourceSize": {
                "x": 14,
                "y": 10,
                "w": 25,
                "h": 80
            },
            "sourceSize": {
                "w": 55,
                "h": 100
            }
        },
        "8_8.png": {
            "frame": {
                "x": 738,
                "y": 113,
                "w": 25,
                "h": 68
            },
            "rotated": false,
            "trimmed": true,
            "spriteSourceSize": {
                "x": 14,
                "y": 16,
                "w": 25,
                "h": 68
            },
            "sourceSize": {
                "w": 55,
                "h": 100
            }
        },
        "8_9.png": {
            "frame": {
                "x": 823,
                "y": 71,
                "w": 25,
                "h": 56
            },
            "rotated": true,
            "trimmed": true,
            "spriteSourceSize": {
                "x": 14,
                "y": 22,
                "w": 25,
                "h": 56
            },
            "sourceSize": {
                "w": 55,
                "h": 100
            }
        },
        "8_10.png": {
            "frame": {
                "x": 673,
                "y": 212,
                "w": 25,
                "h": 40
            },
            "rotated": false,
            "trimmed": true,
            "spriteSourceSize": {
                "x": 14,
                "y": 30,
                "w": 25,
                "h": 40
            },
            "sourceSize": {
                "w": 55,
                "h": 100
            }
        },
        "9.png": {
            "frame": {
                "x": 328,
                "y": 1,
                "w": 78,
                "h": 130
            },
            "rotated": false,
            "trimmed": true,
            "spriteSourceSize": {
                "x": 3,
                "y": 0,
                "w": 78,
                "h": 130
            },
            "sourceSize": {
                "w": 85,
                "h": 130
            }
        },
        "9_0.png": {
            "frame": {
                "x": 726,
                "y": 207,
                "w": 24,
                "h": 40
            },
            "rotated": false,
            "trimmed": true,
            "spriteSourceSize": {
                "x": 15,
                "y": 30,
                "w": 24,
                "h": 40
            },
            "sourceSize": {
                "w": 55,
                "h": 100
            }
        },
        "9_1.png": {
            "frame": {
                "x": 834,
                "y": 157,
                "w": 24,
                "h": 56
            },
            "rotated": false,
            "trimmed": true,
            "spriteSourceSize": {
                "x": 15,
                "y": 22,
                "w": 24,
                "h": 56
            },
            "sourceSize": {
                "w": 55,
                "h": 100
            }
        },
        "9_2.png": {
            "frame": {
                "x": 813,
                "y": 1,
                "w": 24,
                "h": 68
            },
            "rotated": false,
            "trimmed": true,
            "spriteSourceSize": {
                "x": 15,
                "y": 16,
                "w": 24,
                "h": 68
            },
            "sourceSize": {
                "w": 55,
                "h": 100
            }
        },
        "9_3.png": {
            "frame": {
                "x": 712,
                "y": 125,
                "w": 24,
                "h": 80
            },
            "rotated": false,
            "trimmed": true,
            "spriteSourceSize": {
                "x": 15,
                "y": 10,
                "w": 24,
                "h": 80
            },
            "sourceSize": {
                "w": 55,
                "h": 100
            }
        },
        "9_4.png": {
            "frame": {
                "x": 346,
                "y": 133,
                "w": 24,
                "h": 93
            },
            "rotated": false,
            "trimmed": true,
            "spriteSourceSize": {
                "x": 15,
                "y": 4,
                "w": 24,
                "h": 93
            },
            "sourceSize": {
                "w": 55,
                "h": 100
            }
        },
        "9_5.png": {
            "frame": {
                "x": 214,
                "y": 133,
                "w": 24,
                "h": 100
            },
            "rotated": false,
            "trimmed": true,
            "spriteSourceSize": {
                "x": 15,
                "y": 0,
                "w": 24,
                "h": 100
            },
            "sourceSize": {
                "w": 55,
                "h": 100
            }
        },
        "9_6.png": {
            "frame": {
                "x": 346,
                "y": 133,
                "w": 24,
                "h": 93
            },
            "rotated": false,
            "trimmed": true,
            "spriteSourceSize": {
                "x": 15,
                "y": 4,
                "w": 24,
                "h": 93
            },
            "sourceSize": {
                "w": 55,
                "h": 100
            }
        },
        "9_7.png": {
            "frame": {
                "x": 712,
                "y": 125,
                "w": 24,
                "h": 80
            },
            "rotated": false,
            "trimmed": true,
            "spriteSourceSize": {
                "x": 15,
                "y": 10,
                "w": 24,
                "h": 80
            },
            "sourceSize": {
                "w": 55,
                "h": 100
            }
        },
        "9_8.png": {
            "frame": {
                "x": 813,
                "y": 1,
                "w": 24,
                "h": 68
            },
            "rotated": false,
            "trimmed": true,
            "spriteSourceSize": {
                "x": 15,
                "y": 16,
                "w": 24,
                "h": 68
            },
            "sourceSize": {
                "w": 55,
                "h": 100
            }
        },
        "9_9.png": {
            "frame": {
                "x": 834,
                "y": 157,
                "w": 24,
                "h": 56
            },
            "rotated": false,
            "trimmed": true,
            "spriteSourceSize": {
                "x": 15,
                "y": 22,
                "w": 24,
                "h": 56
            },
            "sourceSize": {
                "w": 55,
                "h": 100
            }
        },
        "9_10.png": {
            "frame": {
                "x": 726,
                "y": 207,
                "w": 24,
                "h": 40
            },
            "rotated": false,
            "trimmed": true,
            "spriteSourceSize": {
                "x": 15,
                "y": 30,
                "w": 24,
                "h": 40
            },
            "sourceSize": {
                "w": 55,
                "h": 100
            }
        }
    },
    "animations": {
        "0": ["0_0.png", "0_1.png", "0_2.png", "0_3.png", "0_4.png", "0_5.png", "0_6.png", "0_7.png", "0_8.png", "0_9.png", "0_10.png"],
        "1": ["1_0.png", "1_1.png", "1_2.png", "1_3.png", "1_4.png", "1_5.png", "1_6.png", "1_7.png", "1_8.png", "1_9.png", "1_10.png"],
        "2": ["2_0.png", "2_1.png", "2_2.png", "2_3.png", "2_4.png", "2_5.png", "2_6.png", "2_7.png", "2_8.png", "2_9.png", "2_10.png"],
        "3": ["3_0.png", "3_1.png", "3_2.png", "3_3.png", "3_4.png", "3_5.png", "3_6.png", "3_7.png", "3_8.png", "3_9.png", "3_10.png"],
        "4": ["4_0.png", "4_1.png", "4_2.png", "4_3.png", "4_4.png", "4_5.png", "4_6.png", "4_7.png", "4_8.png", "4_9.png", "4_10.png"],
        "5": ["5_0.png", "5_1.png", "5_2.png", "5_3.png", "5_4.png", "5_5.png", "5_6.png", "5_7.png", "5_8.png", "5_9.png", "5_10.png"],
        "6": ["6_0.png", "6_1.png", "6_2.png", "6_3.png", "6_4.png", "6_5.png", "6_6.png", "6_7.png", "6_8.png", "6_9.png", "6_10.png"],
        "7": ["7_0.png", "7_1.png", "7_2.png", "7_3.png", "7_4.png", "7_5.png", "7_6.png", "7_7.png", "7_8.png", "7_9.png", "7_10.png"],
        "8": ["8_0.png", "8_1.png", "8_2.png", "8_3.png", "8_4.png", "8_5.png", "8_6.png", "8_7.png", "8_8.png", "8_9.png", "8_10.png"],
        "9": ["9_0.png", "9_1.png", "9_2.png", "9_3.png", "9_4.png", "9_5.png", "9_6.png", "9_7.png", "9_8.png", "9_9.png", "9_10.png"]
    },
    "meta": {
        "app": "https://www.codeandweb.com/texturepacker",
        "version": "1.0",
        "image": "number.png",
        "format": "RGBA8888",
        "size": {
            "w": 890,
            "h": 256
        },
        "scale": "1",
        "smartupdate": "$TexturePacker:SmartUpdate:e3cc399c013264478d11e839c322319a:e63c2853636fb974987519dad9f2378b:508720d883ff213f9536efb7456c155b$"
    }
}