{"frames": {

"a_00184.jpg":
{
	"frame": {"x":1,"y":1,"w":750,"h":750},
	"rotated": false,
	"trimmed": false,
	"spriteSourceSize": {"x":0,"y":0,"w":750,"h":750},
	"sourceSize": {"w":750,"h":750}
},
"a_00185.jpg":
{
	"frame": {"x":1,"y":753,"w":750,"h":750},
	"rotated": false,
	"trimmed": false,
	"spriteSourceSize": {"x":0,"y":0,"w":750,"h":750},
	"sourceSize": {"w":750,"h":750}
},
"a_00186.jpg":
{
	"frame": {"x":753,"y":1,"w":750,"h":750},
	"rotated": false,
	"trimmed": false,
	"spriteSourceSize": {"x":0,"y":0,"w":750,"h":750},
	"sourceSize": {"w":750,"h":750}
},
"a_00187.jpg":
{
	"frame": {"x":753,"y":753,"w":750,"h":750},
	"rotated": false,
	"trimmed": false,
	"spriteSourceSize": {"x":0,"y":0,"w":750,"h":750},
	"sourceSize": {"w":750,"h":750}
}},
"animations": {
	"a": ["a_00184.jpg","a_00185.jpg","a_00186.jpg","a_00187.jpg"]
},
"meta": {
	"app": "https://www.codeandweb.com/texturepacker",
	"version": "1.0",
	"image": "46.jpg",
	"format": "RGB888",
	"size": {"w":1504,"h":1504},
	"scale": "1",
	"smartupdate": "$TexturePacker:SmartUpdate:72faa6c13b03e189d0f92c3adb66c1be:b6cdddcf1cd6de0b98c414e1196538c6:627bcc009a8450e04dbb11302d5b7e0f$"
}
}
